{
    "location": "Eschborn",
    "years": [
        2017,
        2018,
        2019,
        2020,
        2021,
        2022,
        2023,
        2024
    ],
    "data": {
        "ndvi": [
            0.5312745057093969,
            0.4385111567129198,
            0.4372664948342972,
            0.4438609594824353,
            0.5121376954743223,
            0.4349809417524634,
            0.4810140337285251,
            0.38835786759472324
        ],
        "ndwi": [
            -0.5282343260764403,
            -0.4596200330386891,
            -0.43518514802401437,
            -0.4520346099887127,
            -0.4901124286190469,
            -0.4619474559299099,
            -0.47366551728816647,
            -0.38317171410165557
        ],
        "ndbi": [
            -0.1916475532334591,
            -0.12358439287319313,
            -0.1649319974661309,
            -0.13999158383941956,
            -0.21594589974689984,
            -0.11822170058127189,
            -0.18365601972959725,
            -0.1473877513383152
        ],
        "green": [
            79.41880621159608,
            75.89802644178877,
            79.05541929479124,
            76.67378826204778,
            81.5150499509425,
            73.47177732123784,
            79.04744056316535,
            57.35903085093799
        ],
        "sealed": [
            12.413110758545518,
            14.495954826683747,
            12.964376690708235,
            13.43681011350489,
            10.994141825698975,
            14.421832056637276,
            12.304357183902741,
            19.64487054755796
        ],
        "water": [
            0.07366438007029626,
            0.03236646533339552,
            0.023880391259721898,
            0.022287145577929462,
            0.03820567165206629,
            0.02016532923577735,
            0.014859119072218256,
            0.024409671763282056
        ],
        "unknown": [
            8.094418649788109,
            9.573652266194085,
            7.956323623240808,
            9.867114478869402,
            7.452602551706462,
            12.08622529288911,
            8.633343133859688,
            22.971688929740765
        ]
    }
}